<?xml version="1.0"?>

<ruleset name="Custom Rules"
         xmlns="http://pmd.sourceforge.net/ruleset/2.0.0"
         xmlns:xsi="http://www.w3.org/2001/XMLSchema-instance"
         xsi:schemaLocation="http://pmd.sourceforge.net/ruleset/2.0.0 https://pmd.sourceforge.io/ruleset_2_0_0.xsd">

    <description>
        Ensemble de règles à valider pour l'Activité Intégrative.
    </description>
    <exclude-pattern>.*/views/.*</exclude-pattern>

    <!-- Your rules will come here -->
    <rule ref="category/java/bestpractices.xml/ArrayIsStoredDirectly" />
    <rule ref="category/java/bestpractices.xml/AvoidReassigningLoopVariables" />
    <rule ref="category/java/bestpractices.xml/AvoidReassigningParameters" />
    <rule ref="category/java/bestpractices.xml/AvoidStringBufferField" />
    <rule ref="category/java/bestpractices.xml/DefaultLabelNotLastInSwitchStmt" />
    <rule ref="category/java/bestpractices.xml/ForLoopCanBeForeach" />
    <rule ref="category/java/bestpractices.xml/ForLoopVariableCount" />
    <rule ref="category/java/bestpractices.xml/JUnitTestContainsTooManyAsserts">
        <properties>
            <property name="maximumAsserts" value="4" />
        </properties>
    </rule>
    <rule ref="category/java/bestpractices.xml/LooseCoupling" />

    <rule ref="category/java/design.xml/CouplingBetweenObjects">
        <properties>
            <property name="threshold" value="20" />
        </properties>
    </rule>
    <rule ref="category/java/bestpractices.xml/MethodReturnsInternalArray" />
    <rule ref="category/java/bestpractices.xml/MissingOverride" />
    <rule ref="category/java/bestpractices.xml/OneDeclarationPerLine" />
    <rule ref="category/java/bestpractices.xml/PositionLiteralsFirstInCaseInsensitiveComparisons" />
    <rule ref="category/java/bestpractices.xml/PositionLiteralsFirstInComparisons" />
    <rule ref="category/java/bestpractices.xml/SwitchStmtsShouldHaveDefault" />
    <rule ref="category/java/bestpractices.xml/SystemPrintln" />
    <rule ref="category/java/bestpractices.xml/UnusedFormalParameter" />
    <rule ref="category/java/bestpractices.xml/UnusedImports" />
    <rule ref="category/java/bestpractices.xml/UnusedLocalVariable" />
    <rule ref="category/java/bestpractices.xml/UnusedPrivateField" />
    <rule ref="category/java/bestpractices.xml/UnusedPrivateMethod" />
    <rule ref="category/java/bestpractices.xml/UseAssertEqualsInsteadOfAssertTrue" />
    <rule ref="category/java/bestpractices.xml/UseAssertNullInsteadOfAssertTrue" />
    <rule ref="category/java/bestpractices.xml/UseAssertSameInsteadOfAssertTrue" />
    <rule ref="category/java/bestpractices.xml/UseAssertTrueInsteadOfAssertEquals" />
    <rule ref="category/java/bestpractices.xml/WhileLoopWithLiteralBoolean" />
    <rule ref="category/java/codestyle.xml/BooleanGetMethodName" />
    <rule ref="category/java/codestyle.xml/ControlStatementBraces" />
    <rule ref="category/java/codestyle.xml/DefaultPackage" />
    <rule ref="category/java/codestyle.xml/DontImportJavaLang" />
    <rule ref="category/java/codestyle.xml/DuplicateImports" />
    <rule ref="category/java/codestyle.xml/ExtendsObject" />
    <rule ref="category/java/codestyle.xml/FieldDeclarationsShouldBeAtStartOfClass" />
    <rule ref="category/java/codestyle.xml/FieldNamingConventions" />
    <rule ref="category/java/codestyle.xml/LongVariable">
        <properties>
            <property name="minimum" value="30" />
        </properties>
    </rule>
    <rule ref="category/java/codestyle.xml/NoPackage" />
    <rule ref="category/java/codestyle.xml/PackageCase" />
    <rule ref="category/java/codestyle.xml/PrematureDeclaration" />
    <rule ref="category/java/codestyle.xml/ShortClassName">
        <properties>
            <property name="minimum" value="3" />
        </properties>
    </rule>
    <rule ref="category/java/codestyle.xml/UnnecessaryLocalBeforeReturn" />
    <rule ref="category/java/design.xml/AvoidDeeplyNestedIfStmts" />
    <rule ref="category/java/design.xml/CyclomaticComplexity">
        <properties>
            <property name="classReportLevel" value="80" />
            <property name="methodReportLevel" value="7" />
            <property name="cycloOptions" value="" />
        </properties>
    </rule>
    <rule ref="category/java/design.xml/DataClass">
        <properties>
            <property name="violationSuppressRegex" value=".*'.*(Dto|DTO).*'.*"/>
        </properties>
    </rule>
    <rule ref="category/java/design.xml/ExcessiveParameterList">
        <properties>
            <property name="minimum" value="5" />
        </properties>
    </rule>
    <rule ref="category/java/design.xml/ExcessivePublicCount">
        <properties>
            <property name="minimum" value="16.0" />
        </properties>
    </rule>
    <rule ref="category/java/design.xml/GodClass" />
    <rule ref="category/java/design.xml/ImmutableField" />
    <rule ref="category/java/design.xml/NcssCount">
        <properties>
            <property name="methodReportLevel" value="15" />
            <property name="classReportLevel" value="150" />
            <property name="ncssOptions" value="" />
        </properties>
    </rule>
    <rule ref="category/java/design.xml/SimplifyBooleanReturns" />
    <rule ref="category/java/design.xml/SimplifyConditional" />
    <rule ref="category/java/design.xml/SingularField" />
    <rule ref="category/java/design.xml/TooManyFields">
        <properties>
            <property name="maxfields" value="5" />
        </properties>
    </rule>
    <rule ref="category/java/documentation.xml/CommentRequired">
        <properties>
            <property name="methodWithOverrideCommentRequirement" value="Ignored" />
            <property name="accessorCommentRequirement" value="Ignored" />
            <property name="classCommentRequirement" value="Required" />
            <property name="fieldCommentRequirement" value="Ignored" />
            <property name="publicMethodCommentRequirement" value="Required" />
            <property name="protectedMethodCommentRequirement" value="Required" />
            <property name="enumCommentRequirement" value="Required" />
            <property name="serialVersionUIDCommentRequired" value="Ignored" />
            <property name="serialPersistentFieldsCommentRequired" value="Ignored" />
        </properties>
    </rule>
    <rule ref="category/java/performance.xml/TooFewBranchesForASwitchStatement">
        <properties>
            <property name="minimumNumberCaseForASwitch" value="3" />
        </properties>
    </rule>
    <rule ref="category/java/performance.xml/InefficientEmptyStringCheck" />
    <rule ref="category/java/errorprone.xml">
        <exclude name="DataflowAnomalyAnalysis"  />
        <exclude name="BeanMembersShouldSerialize" />
        <exclude name="MissingSerialVersionUID" />
    </rule>
</ruleset>